variable,0
t_u,0.34334056637459826
p_u,14.388657214345288
rh_u,0.5916509945502216
wspd_u,11.653932237400632
z_boom_u,19.28658712396853
dlr,31.7304401830188
ulr,31.7304401830188
dsr,32.44438811078015
usr,32.44312060333355
