variable,0
t_u,0.13594379295887382
p_u,9.398953489845303
rh_u,0.11402869722213424
wspd_u,0.12768970138309438
z_boom_u,1.2544972244800232
dlr,4.710197263061377
ulr,4.710197263061377
dsr,6.071511565830711
usr,6.073357618389649
