variable,0
t_u,0.1492537313432836
p_u,0.0
rh_u,0.23219172402355087
wspd_u,0.2321532211259431
z_boom_u,2.595141364729293
dlr,0.6053569947756862
ulr,0.6053569947756862
dsr,1.1277883738286758
usr,1.1277883738286758
