variable,0
t_u,0.7164852794224612
p_u,0.08711394231423632
rh_u,0.6295122979238331
wspd_u,0.18774265282191183
z_boom_u,18.198008286690413
dlr,0.35006116985840086
ulr,0.41963911036508605
dsr,8.54576618153848
usr,0.8321674509875174
