variable,0
t_u,0.012047536800012047
p_u,0.03221246321058609
rh_u,2.7218998071697578
wspd_u,0.5418161092112214
z_boom_u,1.9104460697978591
dlr,4.461262767208284
ulr,4.458636320710171
dsr,6.968654438680268
usr,6.921013447354851
