variable,0
t_u,4.013403053251593
p_u,13.499947558472304
rh_u,3.842292188038543
wspd_u,0.8401850368602579
z_boom_u,8.633841886269071
dlr,38.169940516324296
ulr,38.169940516324296
dsr,41.98357757199796
usr,41.98270824280384
