variable,0
t_u,0.19956898642515125
p_u,22.23285255786271
rh_u,19.760688895564233
wspd_u,3.501374990015633
z_boom_u,1.9859280407988609
dlr,13.296946993402662
ulr,13.296946993402662
dsr,16.291672688062075
usr,16.29149158496187
