variable,0
t_u,1.2486533265043005
p_u,0.5232177894048398
rh_u,0.6553380908641278
wspd_u,0.12842073077511085
z_boom_u,26.626941516311003
dlr,0.08166845631493777
ulr,0.07410656221170278
dsr,3.7552934059286147
usr,3.7552934059286147
