variable,0
t_u,1.6988794179311464
p_u,0.0035357622710593933
rh_u,6.967707461584098
wspd_u,6.664396791618923
z_boom_u,18.43613108330407
dlr,2.386864583251479
ulr,2.386864583251479
dsr,4.255792817874906
usr,4.231691458698644
