variable,0
t_u,0.02158849542114976
p_u,0.3336048114271395
rh_u,1.2000933193122227
wspd_u,0.023649623866643946
z_boom_u,5.113874848772366
dlr,0.28015057440444063
ulr,0.280323712948518
dsr,2.575900328627133
usr,2.5646382503843217
