variable,0
t_u,0.2700877785280216
p_u,0.04016268716660727
rh_u,0.2704048152422329
wspd_u,2.5792894831029987
z_boom_u,0.8308065843147858
dlr,8.374373158829746
ulr,8.374373158829746
dsr,11.27808980867727
usr,11.272095533666173
