variable,0
t_u,0.08880659058272239
p_u,1.2476267968538106
rh_u,1.2915957426909337
wspd_u,2.8287955699123213
z_boom_u,0.16911202018007124
dlr,0.0
ulr,0.0
dsr,2.0538812871745895
usr,1.4811176392798444
