variable,0
t_u,0.17732749907704973
p_u,1.5317167233632278
rh_u,0.04236006051437216
wspd_u,0.058748357165785435
z_boom_u,0.4982106088832238
dlr,0.4375030256087525
ulr,0.4375030256087525
dsr,2.0223291277117186
usr,2.021118876887235
