variable,0
t_u,0.008663892937387008
p_u,0.0009626547708207786
rh_u,0.14844136566056407
wspd_u,0.19599726604992346
z_boom_u,17.371734715179564
dlr,4.7552990448950405
ulr,3.0060500350018184
dsr,4.596904463479485
usr,4.5936314120521455
