variable,0
t_u,0.0
p_u,0.022022551092318536
rh_u,2.721987315010571
wspd_u,0.25545034133450784
z_boom_u,78.14200813262433
dlr,27.89243623084159
ulr,28.135893321529355
dsr,4.347251585623678
usr,4.347251585623678
