variable,0
t_u,0.08588547929149531
p_u,0.06366208569118836
rh_u,0.03334208984177663
wspd_u,0.29915969818564236
z_boom_u,8.465020409812876
dlr,0.0101037656734665
ulr,0.0101037656734665
dsr,2.415932422601245
usr,2.400703236301543
