variable,0
t_u,0.021985108753004634
p_u,0.12666336662493083
rh_u,0.22859638905066976
wspd_u,0.004442009565127263
z_boom_u,7.715430861723446
dlr,0.34504848149550127
ulr,0.34504848149550127
dsr,3.294751401324889
usr,3.2932475322482024
